{
  "sequence_identity": 72.3598820058997,
  "active_site_conservation": 64.28571428571429,
  "catalytic_conserved": false
}