SMILES,Score,DENV_Activity (raw),QED (raw),SA (raw),MW,LogP,HBA,HBD,TPSA
Cc1ccc(C2NC(C)C(c3ccccc3C)C2C(=O)NCC2CCNCC2)cc1,0.5312912606307179,8.12937,0.7081868069120066,3.704712106720443,0.99983275,0.70092905,0.9693466,0.0031523108,0.997672
